log_id,task_id,user_id,start_time,end_time,duration_minutes,log_type,log_date,notes
1001,101,4,"2024-01-15T11:00:00Z","2024-01-15T12:05:00Z",65,Manual,"2024-01-15","Initial repo setup"
1002,102,8,"2024-01-15T14:00:00Z","2024-01-15T17:00:00Z",180,Timer,"2024-01-15","Drafting data models"
1003,102,8,"2024-01-16T10:30:00Z","2024-01-16T12:30:00Z",120,Timer,"2024-01-16","Refining model fields"
1004,106,4,"2024-01-16T14:00:00Z","2024-01-16T16:00:00Z",120,Manual,"2024-01-16","Basic CSV read/write functions"
1005,103,12,"2024-01-17T09:30:00Z","2024-01-17T12:30:00Z",180,Timer,"2024-01-17","Started User POST endpoint"
1006,103,12,"2024-01-17T14:00:00Z","2024-01-17T16:00:00Z",120,Timer,"2024-01-17","User GET and PUT endpoints"
1007,128,26,"2024-01-16T10:00:00Z","2024-01-16T11:00:00Z",60,Manual,"2024-01-16","Setup linters"
1008,106,4,"2024-01-17T11:15:00Z","2024-01-17T12:15:00Z",60,Timer,"2024-01-17","Adding error handling to CSV utils"
1009,102,8,"2024-01-16T15:30:00Z","2024-01-16T16:30:00Z",60,Manual,"2024-01-16","Final model review and documentation"
1010,111,45,"2024-01-17T10:00:00Z","2024-01-17T12:00:00Z",120,Timer,"2024-01-17","Setting up pytest config"
1011,103,12,"2024-01-18T10:00:00Z","2024-01-18T11:00:00Z",60,Manual,"2024-01-18","Completed User API implementation"
1012,104,16,"2024-01-18T13:00:00Z","2024-01-18T17:00:00Z",240,Timer,"2024-01-18","Started Task API CRUD"
1013,132,46,"2024-01-18T15:00:00Z","2024-01-18T16:00:00Z",60,Manual,"2024-01-18","Drafting user story for task list view"
1014,111,45,"2024-01-19T10:00:00Z","2024-01-19T11:00:00Z",60,Timer,"2024-01-19","Writing first test for CSV read"
1015,104,16,"2024-01-19T14:00:00Z","2024-01-19T17:00:00Z",180,Timer,"2024-01-19","Continuing Task API implementation"
1016,108,30,"2024-01-22T09:00:00Z","2024-01-22T12:00:00Z",180,Timer,"2024-01-22","Designing reminder scheduler logic"
1017,114,60,"2024-01-22T11:30:00Z","2024-01-22T13:00:00Z",90,Manual,"2024-01-22","Reading papers on scheduling algorithms"
1018,124,4,"2024-01-23T10:00:00Z","2024-01-23T12:30:00Z",150,Timer,"2024-01-23","Researching file locking in Python"
1019,116,70,"2024-01-23T14:30:00Z","2024-01-23T16:30:00Z",120,Manual,"2024-01-23","Script to extract historical task data"
1020,114,60,"2024-01-24T10:00:00Z","2024-01-24T10:30:00Z",30,Manual,"2024-01-24","Finalizing research notes"
1021,120,90,"2024-01-24T10:00:00Z","2024-01-24T13:00:00Z",180,Timer,"2024-01-24","Aggregating task data for workload calculation"
1022,124,4,"2024-01-24T14:00:00Z","2024-01-24T16:00:00Z",120,Timer,"2024-01-24","Implementing basic file lock mechanism"
1023,108,30,"2024-01-25T09:00:00Z","2024-01-25T10:00:00Z",60,Timer,"2024-01-25","Testing reminder job trigger"
1024,116,70,"2024-01-25T14:00:00Z","2024-01-25T15:00:00Z",60,Manual,"2024-01-25","Cleaning extracted historical data"
1025,112,50,"2024-01-24T09:00:00Z","2024-01-24T12:00:00Z",180,PomodoroWork,"2024-01-24","Writing tests for User GET"
1026,112,50,"2024-01-24T12:00:00Z","2024-01-24T12:15:00Z",15,PomodoroBreak,"2024-01-24",""
1027,112,50,"2024-01-24T12:15:00Z","2024-01-24T14:45:00Z",150,PomodoroWork,"2024-01-24","Writing tests for User POST/PUT"
1028,159,20,"2024-01-25T16:10:00Z","2024-01-25T17:40:00Z",90,Manual,"2024-01-25","Code review for TimeLog API endpoints"
1029,105,20,"2024-01-26T09:00:00Z","2024-01-26T11:30:00Z",150,Timer,"2024-01-26","Addressing review comments on TimeLog API"
1030,153,22,"2024-01-26T10:00:00Z","2024-01-26T13:00:00Z",180,Timer,"2024-01-26","Debugging login issue #1023"
1031,107,25,"2024-01-25T09:00:00Z","2024-01-25T10:30:00Z",90,Timer,"2024-01-25","Implementing basic token auth middleware"
1032,153,22,"2024-01-28T10:00:00Z","2024-01-28T11:30:00Z",90,Manual,"2024-01-28","Testing fix for login issue"
1033,110,40,"2024-01-28T10:00:00Z","2024-01-28T11:00:00Z",60,Manual,"2024-01-28","Adding manual time entry form logic (API)"
1034,133,51,"2024-01-28T14:00:00Z","2024-01-28T15:00:00Z",60,Manual,"2024-01-28","Testing start/stop timer user story"
1035,124,4,"2024-01-29T10:00:00Z","2024-01-29T11:00:00Z",60,Manual,"2024-01-29","Finalizing concurrency refactor"
1036,116,70,"2024-01-29T14:00:00Z","2024-01-29T15:00:00Z",60,Manual,"2024-01-29","Final data aggregation for prediction model"
1037,127,21,"2024-01-29T15:00:00Z","2024-01-29T16:00:00Z",60,Timer,"2024-01-29","Configuring logging levels and handlers"
1038,152,18,"2024-01-29T10:00:00Z","2024-01-29T12:30:00Z",150,Timer,"2024-01-29","Creating demo slides"
1039,152,18,"2024-01-29T14:00:00Z","2024-01-29T16:30:00Z",150,Timer,"2024-01-29","Refining demo script"
1040,109,35,"2024-01-29T10:00:00Z","2024-01-29T12:00:00Z",120,PomodoroWork,"2024-01-29","Implementing start_timer endpoint"
1041,109,35,"2024-01-29T12:00:00Z","2024-01-29T12:15:00Z",15,PomodoroBreak,"2024-01-29",""
1042,109,35,"2024-01-29T12:15:00Z","2024-01-29T14:00:00Z",105,PomodoroWork,"2024-01-29","Implementing end_timer endpoint"
1043,167,85,"2024-01-30T10:00:00Z","2024-01-30T11:00:00Z",60,Manual,"2024-01-30","Reading articles on Pomodoro technique"
1044,120,90,"2024-01-30T14:00:00Z","2024-01-30T17:00:00Z",180,Timer,"2024-01-30","Refining workload calculation logic"
1045,194,25,"2024-01-30T09:30:00Z","2024-01-30T10:30:00Z",60,Manual,"2024-01-30","Code review: Basic Auth PR"
1046,158,27,"2024-01-30T10:00:00Z","2024-01-30T12:30:00Z",150,Timer,"2024-01-30","Compiling survey results"
1047,122,100,"2024-01-31T10:00:00Z","2024-01-31T11:00:00Z",60,Manual,"2024-01-31","Researching priority adjustment rules"
1048,142,96,"2024-01-31T14:00:00Z","2024-01-31T15:00:00Z",60,Timer,"2024-01-31","Improving error handling for user API"
1049,168,18,"2024-02-01T15:10:00Z","2024-02-01T16:30:00Z",80,Manual,"2024-02-01","Client update call participation"
1050,156,13,"2024-02-01T11:30:00Z","2024-02-01T13:30:00Z",120,Timer,"2024-02-01","Drafting V2 DB schema - User/Auth tables"
1051,125,10,"2024-02-01T09:00:00Z","2024-02-01T10:00:00Z",60,Manual,"2024-02-01","Writing docs for User API endpoints"
1052,139,81,"2024-02-01T14:00:00Z","2024-02-01T15:30:00Z",90,Manual,"2024-02-01","Initial deployment strategy notes"
1053,160,4,"2024-02-02T10:30:00Z","2024-02-02T12:30:00Z",120,Manual,"2024-02-02","Sprint 3 planning meeting"
1054,160,8,"2024-02-02T10:30:00Z","2024-02-02T12:30:00Z",120,Manual,"2024-02-02","Sprint 3 planning meeting participation"
1055,160,12,"2024-02-02T10:30:00Z","2024-02-02T12:30:00Z",120,Manual,"2024-02-02","Sprint 3 planning meeting participation"
1056,174,81,"2024-02-02T11:30:00Z","2024-02-02T13:00:00Z",90,Manual,"2024-02-02","Researching AWS EC2 vs Lambda costs"
1057,181,10,"2024-02-05T10:30:00Z","2024-02-05T12:00:00Z",90,Timer,"2024-02-05","Documenting TimeLog API features"
1058,156,13,"2024-02-05T14:00:00Z","2024-02-05T15:00:00Z",60,Timer,"2024-02-05","V2 Schema - Task and Project tables"
1059,182,4,"2024-02-05T16:00:00Z","2024-02-05T17:30:00Z",90,Manual,"2024-02-05","Facilitating Sprint 2 retrospective"
1060,182,16,"2024-02-05T16:00:00Z","2024-02-05T17:30:00Z",90,Manual,"2024-02-05","Sprint 2 Retro participation"
1061,182,30,"2024-02-05T16:00:00Z","2024-02-05T17:30:00Z",90,Manual,"2024-02-05","Sprint 2 Retro participation"
1062,163,4,"2024-02-06T10:00:00Z","2024-02-06T11:00:00Z",60,Manual,"2024-02-06","Defining Admin role permissions"
1063,158,27,"2024-02-06T14:00:00Z","2024-02-06T16:00:00Z",120,Timer,"2024-02-06","Analyzing survey feedback themes"
1064,161,96,"2024-02-06T15:30:00Z","2024-02-06T17:30:00Z",120,PomodoroWork,"2024-02-06","Profiling Task List API endpoint"
1065,183,4,"2024-02-07T09:00:00Z","2024-02-07T10:30:00Z",90,Manual,"2024-02-07","Addressing retro item: Improve PR descriptions"
1066,174,81,"2024-02-07T14:00:00Z","2024-02-07T15:00:00Z",60,Manual,"2024-02-07","Comparing GCP options"
1067,161,96,"2024-02-07T15:30:00Z","2024-02-07T17:00:00Z",90,PomodoroWork,"2024-02-07","Investigating potential N+1 query issue"
1068,181,10,"2024-02-07T15:00:00Z","2024-02-07T16:00:00Z",60,Timer,"2024-02-07","Finalizing Sprint 2 documentation"
1069,199,8,"2024-02-07T10:15:00Z","2024-02-07T11:30:00Z",75,Manual,"2024-02-07","Resolving merge conflicts"
1070,183,4,"2024-02-08T09:00:00Z","2024-02-08T10:00:00Z",60,Manual,"2024-02-08","Addressing retro item: Clarify definition of done"
1071,197,4,"2024-02-08T16:00:00Z","2024-02-08T17:00:00Z",60,Manual,"2024-02-08","Internal demo presentation"
1072,117,75,"2024-02-08T10:00:00Z","2024-02-08T12:30:00Z",150,Timer,"2024-02-08","Training initial regression model for deadlines"
1073,187,90,"2024-02-08T14:30:00Z","2024-02-08T16:00:00Z",90,Timer,"2024-02-08","Considering time off in workload calculation"
1074,113,55,"2024-01-30T09:00:00Z","2024-01-30T12:00:00Z",180,Timer,"2024-01-30","Writing tests for Task POST/GET"
1075,113,55,"2024-01-31T09:00:00Z","2024-01-31T11:00:00Z",120,Timer,"2024-01-31","Writing tests for Task PUT/DELETE"
1076,135,61,"2024-01-30T11:00:00Z","2024-01-30T12:00:00Z",60,Manual,"2024-01-30","Defining requirements for viewing time logs"
1077,121,95,"2024-02-01T14:00:00Z","2024-02-01T16:00:00Z",120,Timer,"2024-02-01","Implementing API endpoint for heatmap data"
1078,164,16,"2024-02-05T10:00:00Z","2024-02-05T12:30:00Z",150,Timer,"2024-02-05","Adding status and priority filters to Task API"
1079,141,91,"2024-02-05T14:00:00Z","2024-02-05T15:00:00Z",60,Manual,"2024-02-05","Drafting backup strategy document"
1080,119,85,"2024-02-06T09:00:00Z","2024-02-06T11:00:00Z",120,PomodoroWork,"2024-02-06","Implementing start_pomodoro endpoint"
1081,165,16,"2024-02-06T11:00:00Z","2024-02-06T12:00:00Z",60,Timer,"2024-02-06","Adding sort by due date parameter"
1082,142,96,"2024-02-06T14:00:00Z","2024-02-06T15:30:00Z",90,Timer,"2024-02-06","Standardizing error response format"
1083,166,50,"2024-02-07T14:30:00Z","2024-02-07T16:30:00Z",120,Timer,"2024-02-07","Writing integration test for reminder flow"
1084,117,75,"2024-02-09T10:00:00Z","2024-02-09T12:00:00Z",120,Timer,"2024-02-09","Evaluating initial model performance"
1085,189,12,"2024-02-09T14:30:00Z","2024-02-09T16:00:00Z",90,Timer,"2024-02-09","Implementing GET /users/me endpoint"
1086,175,91,"2024-02-09T11:00:00Z","2024-02-09T12:30:00Z",90,Manual,"2024-02-09","Drafting privacy policy sections"
1087,170,13,"2024-02-12T10:30:00Z","2024-02-12T12:00:00Z",90,Manual,"2024-02-12","Outlining training materials for Pomodoro feature"
1088,162,33,"2024-02-12T14:00:00Z","2024-02-12T16:30:00Z",150,Manual,"2024-02-12","Sketching heatmap UI ideas"
1089,176,86,"2024-02-12T11:30:00Z","2024-02-12T13:30:00Z",120,Timer,"2024-02-12","Setting up basic staging server config"
1090,147,105,"2024-02-13T10:30:00Z","2024-02-13T12:30:00Z",120,Manual,"2024-02-13","Reviewing initial auto-reprioritization rules"
1091,164,16,"2024-02-13T14:00:00Z","2024-02-13T16:00:00Z",120,Timer,"2024-02-13","Adding user and due date filters"
1092,177,101,"2024-02-13T14:30:00Z","2024-02-13T16:00:00Z",90,Manual,"2024-02-13","Researching rate limiting libraries for FastAPI"
1093,148,110,"2024-02-14T10:00:00Z","2024-02-14T13:00:00Z",180,Timer,"2024-02-14","Implementing task_dependencies.csv handling"
1094,178,20,"2024-02-14T11:00:00Z","2024-02-14T13:00:00Z",120,PomodoroWork,"2024-02-14","Implementing basic text search logic"
1095,195,16,"2024-02-14T15:15:00Z","2024-02-14T16:15:00Z",60,Manual,"2024-02-14","Code review: Task filtering PR"
1096,184,86,"2024-02-15T11:30:00Z","2024-02-15T13:30:00Z",120,Timer,"2024-02-15","Setting up GitHub Actions workflow file"
1097,203,12,"2024-02-15T14:00:00Z","2024-02-15T16:00:00Z",120,Manual,"2024-02-15","Mentoring session with Kavita on testing"
1098,149,65,"2024-02-15T10:30:00Z","2024-02-15T12:30:00Z",120,Timer,"2024-02-15","Modifying scheduling logic for dependencies"
1099,185,55,"2024-02-16T10:30:00Z","2024-02-16T12:00:00Z",90,Timer,"2024-02-16","Writing tests for task dependency constraints"
1100,157,19,"2024-02-16T14:00:00Z","2024-02-16T16:00:00Z",120,Manual,"2024-02-16","Writing recurring tasks proposal doc"
1101,118,80,"2024-02-16T09:00:00Z","2024-02-16T12:00:00Z",180,Timer,"2024-02-16","Integrating prediction model endpoint"
1102,143,101,"2024-02-19T10:00:00Z","2024-02-19T12:30:00Z",150,Timer,"2024-02-19","Manual security review of auth code"
1103,186,33,"2024-02-19T09:30:00Z","2024-02-19T11:30:00Z",120,Manual,"2024-02-19","Designing UI for dependency linking"
1104,192,10,"2024-02-19T14:30:00Z","2024-02-19T16:30:00Z",120,Manual,"2024-02-19","Writing user guide for task creation/editing"
1105,169,1,"2024-02-20T10:00:00Z","2024-02-20T12:00:00Z",120,Manual,"2024-02-20","Scripting task import from old spreadsheet"
1106,191,101,"2024-02-20T11:30:00Z","2024-02-20T12:30:00Z",60,Timer,"2024-02-20","Running Bandit security scanner"
1107,187,90,"2024-02-20T14:00:00Z","2024-02-20T15:30:00Z",90,Timer,"2024-02-20","Testing refined heatmap algorithm"
1108,150,30,"2024-02-21T10:00:00Z","2024-02-21T12:00:00Z",120,Timer,"2024-02-21","Integrating SendGrid API for email notifications"
1109,193,13,"2024-02-21T11:00:00Z","2024-02-21T12:30:00Z",90,Manual,"2024-02-21","Researching PostgreSQL pros and cons"
1110,144,106,"2024-02-21T14:00:00Z","2024-02-21T17:00:00Z",180,Timer,"2024-02-21","Setting up Locust for performance testing"
1111,179,106,"2024-02-22T10:30:00Z","2024-02-22T12:00:00Z",90,Manual,"2024-02-22","Analyzing initial performance test results"
1112,196,10,"2024-02-22T14:30:00Z","2024-02-22T16:00:00Z",90,Manual,"2024-02-22","Adding docs for Heatmap API endpoint"
1113,175,91,"2024-02-22T10:00:00Z","2024-02-22T11:30:00Z",90,Manual,"2024-02-22","Finishing draft privacy policy"
1114,145,75,"2024-02-23T10:00:00Z","2024-02-23T12:30:00Z",150,Timer,"2024-02-23","Adding new features to prediction model"
1115,180,96,"2024-02-23T11:30:00Z","2024-02-23T13:00:00Z",90,Manual,"2024-02-23","Identifying code sections for optimization"
1116,170,13,"2024-02-23T14:00:00Z","2024-02-23T15:30:00Z",90,Manual,"2024-02-23","Creating training slides"
1117,190,4,"2024-02-26T10:30:00Z","2024-02-26T12:30:00Z",120,Manual,"2024-02-26","Phase 2 features planning meeting"
1118,224,30,"2024-02-26T15:15:00Z","2024-02-26T16:15:00Z",60,Manual,"2024-02-26","Comparing SendGrid vs Twilio pricing"
1119,176,86,"2024-02-26T14:00:00Z","2024-02-26T16:00:00Z",120,Timer,"2024-02-26","Deploying initial app version to staging"
1120,198,13,"2024-02-27T10:30:00Z","2024-02-27T12:00:00Z",90,Manual,"2024-02-27","Meeting with stakeholders on reporting needs"
1121,177,101,"2024-02-27T14:00:00Z","2024-02-27T15:30:00Z",90,Timer,"2024-02-27","Implementing basic rate limiting middleware"
1122,123,105,"2024-02-28T10:00:00Z","2024-02-28T13:00:00Z",180,Timer,"2024-02-28","Implementing core logic for auto-reprioritization"
1123,202,30,"2024-02-28T10:30:00Z","2024-02-28T12:00:00Z",90,Timer,"2024-02-28","Debugging timezone issue #1025"
1124,146,65,"2024-02-29T10:00:00Z","2024-02-29T12:30:00Z",150,Timer,"2024-02-29","Testing auto-scheduling with dependencies"
1125,211,33,"2024-02-29T14:30:00Z","2024-02-29T16:30:00Z",120,Manual,"2024-02-29","Designing UI for recurring task settings"
1126,225,91,"2024-03-01T14:30:00Z","2024-03-01T16:00:00Z",90,Manual,"2024-03-01","Drafting Terms of Service"
1127,208,20,"2024-03-01T11:15:00Z","2024-03-01T12:15:00Z",60,Manual,"2024-03-01","Code Review: Task Search PR"
1128,200,39,"2024-03-01T10:00:00Z","2024-03-01T12:00:00Z",120,Manual,"2024-03-01","Compiling Q1 financial data"
1129,201,18,"2024-03-04T10:30:00Z","2024-03-04T12:30:00Z",120,Timer,"2024-03-04","Preparing demo slides for Phase 2"
1130,226,25,"2024-03-04T11:30:00Z","2024-03-04T13:30:00Z",120,Timer,"2024-03-04","Implementing password reset token generation"
1131,184,86,"2024-03-04T14:00:00Z","2024-03-04T16:00:00Z",120,Timer,"2024-03-04","Configuring test execution in CI pipeline"
1132,200,39,"2024-03-05T10:00:00Z","2024-03-05T12:00:00Z",120,Manual,"2024-03-05","Reviewing budget variance"
1133,228,35,"2024-03-05T15:30:00Z","2024-03-05T17:00:00Z",90,Timer,"2024-03-05","Refactoring timer duration calculation logic"
1134,218,86,"2024-03-05T10:30:00Z","2024-03-05T12:30:00Z",120,Timer,"2024-03-05","Adding staging deployment step to CI/CD"
1135,204,8,"2024-03-06T11:30:00Z","2024-03-06T12:30:00Z",60,Timer,"2024-03-06","Updating server OS packages on staging"
1136,226,25,"2024-03-06T14:00:00Z","2024-03-06T16:00:00Z",120,Timer,"2024-03-06","Implementing password reset email sending"
1137,205,20,"2024-03-07T14:30:00Z","2024-03-07T16:00:00Z",90,Manual,"2024-03-07","Researching GraphQL subscriptions"
1138,224,30,"2024-03-07T10:00:00Z","2024-03-07T11:00:00Z",60,Manual,"2024-03-07","Finalizing notification service choice"
1139,206,19,"2024-03-08T10:30:00Z","2024-03-08T12:00:00Z",90,Manual,"2024-03-08","Writing feature proposal for tags/labels"
1140,204,8,"2024-03-08T14:00:00Z","2024-03-08T14:30:00Z",30,Timer,"2024-03-08","Testing updated packages"
1141,207,96,"2024-03-11T15:30:00Z","2024-03-11T17:00:00Z",90,Timer,"2024-03-11","Reviewing API logs for performance bottlenecks"
1142,220,10,"2024-03-11T10:30:00Z","2024-03-11T11:30:00Z",60,Manual,"2024-03-11","Fixing documentation formatting"
1143,201,18,"2024-03-11T10:00:00Z","2024-03-11T12:00:00Z",120,Timer,"2024-03-11","Finalizing Phase 2 demo slides"
1144,209,4,"2024-03-12T10:30:00Z","2024-03-12T12:30:00Z",120,Manual,"2024-03-12","Sprint 4 planning meeting"
1145,221,10,"2024-03-12T14:30:00Z","2024-03-12T16:00:00Z",90,Manual,"2024-03-12","Adding usage examples to Task API docs"
1146,228,35,"2024-03-12T10:00:00Z","2024-03-12T11:00:00Z",60,Manual,"2024-03-12","Testing time tracking accuracy"
1147,210,75,"2024-03-13T11:30:00Z","2024-03-13T13:00:00Z",90,Timer,"2024-03-13","Analyzing prediction accuracy drift"
1148,222,96,"2024-03-13T15:30:00Z","2024-03-13T17:30:00Z",120,PomodoroWork,"2024-03-13","Optimizing task list query"
1149,218,86,"2024-03-13T10:00:00Z","2024-03-13T11:30:00Z",90,Timer,"2024-03-13","Testing staging deployment pipeline"
1150,212,13,"2024-03-14T10:30:00Z","2024-03-14T12:00:00Z",90,Manual,"2024-03-14","Brainstorming user onboarding improvements"
1151,223,86,"2024-03-14T11:30:00Z","2024-03-14T13:00:00Z",90,Timer,"2024-03-14","Setting up Sentry for error alerting"
1152,211,33,"2024-03-14T14:00:00Z","2024-03-14T16:00:00Z",120,Manual,"2024-03-14","Finalizing recurring task UI mockups"
1153,213,16,"2024-03-15T09:30:00Z","2024-03-15T12:30:00Z",180,Timer,"2024-03-15","Implementing task archiving logic"
1154,249,4,"2024-03-15T11:30:00Z","2024-03-15T13:00:00Z",90,Manual,"2024-03-15","Booking venue for team offsite"
1155,225,91,"2024-03-15T14:00:00Z","2024-03-15T15:30:00Z",90,Manual,"2024-03-15","Finalizing ToS document"
1156,214,16,"2024-03-18T10:30:00Z","2024-03-18T12:00:00Z",90,Timer,"2024-03-18","Creating API endpoint for archiving"
1157,217,18,"2024-03-18T15:00:00Z","2024-03-18T16:30:00Z",90,Manual,"2024-03-18","Client call: Phase 2 mockup review"
1158,226,25,"2024-03-18T11:00:00Z","2024-03-18T13:00:00Z",120,Timer,"2024-03-18","Implementing final password reset step"
1159,215,55,"2024-03-19T11:30:00Z","2024-03-19T13:00:00Z",90,Timer,"2024-03-19","Writing integration tests for archiving"
1160,227,101,"2024-03-19T10:30:00Z","2024-03-19T12:30:00Z",120,Timer,"2024-03-19","Security review of password reset flow"
1161,221,10,"2024-03-19T14:00:00Z","2024-03-19T15:30:00Z",90,Manual,"2024-03-19","Adding examples for TimeLog API"
1162,247,13,"2024-03-20T10:30:00Z","2024-03-20T13:00:00Z",150,Manual,"2024-03-20","Drafting Q1 report executive summary"
1163,216,20,"2024-03-20T14:30:00Z","2024-03-20T16:30:00Z",120,Manual,"2024-03-20","Researching WebSocket libraries for FastAPI"
1164,222,96,"2024-03-20T10:00:00Z","2024-03-20T12:00:00Z",120,PomodoroWork,"2024-03-20","Testing optimized query performance"
1165,219,4,"2024-03-21T09:30:00Z","2024-03-21T11:30:00Z",120,Manual,"2024-03-21","Gathering peer feedback for reviews"
1166,223,86,"2024-03-21T13:00:00Z","2024-03-21T14:30:00Z",90,Timer,"2024-03-21","Testing Sentry error reporting"
1167,210,75,"2024-03-22T10:00:00Z","2024-03-22T12:00:00Z",120,Timer,"2024-03-22","Implementing model retraining trigger"
1168,229,50,"2024-03-22T11:30:00Z","2024-03-22T13:00:00Z",90,Manual,"2024-03-22","Testing UI on Firefox"
1169,248,20,"2024-03-22T09:30:00Z","2024-03-22T12:30:00Z",180,Timer,"2024-03-22","Creating presentation slides for board meeting"
1170,230,13,"2024-03-25T10:30:00Z","2024-03-25T12:00:00Z",90,Manual,"2024-03-25","Preparing sponsor update presentation"
1171,213,16,"2024-03-25T14:00:00Z","2024-03-25T16:00:00Z",120,Timer,"2024-03-25","Testing task archiving feature thoroughly"
1172,227,101,"2024-03-26T10:00:00Z","2024-03-26T12:00:00Z",120,Manual,"2024-03-26","Final security review sign-off"
1173,231,10,"2024-03-26T14:30:00Z","2024-03-26T16:30:00Z",120,Manual,"2024-03-26","Finalizing API documentation for v1.0"
1174,248,20,"2024-03-27T14:00:00Z","2024-03-27T16:00:00Z",120,Timer,"2024-03-27","Rehearsing board meeting presentation"
1175,232,4,"2024-03-27T10:30:00Z","2024-03-27T12:30:00Z",120,Manual,"2024-03-27","Creating production deployment checklist"
1176,249,4,"2024-03-28T14:00:00Z","2024-03-28T15:00:00Z",60,Manual,"2024-03-28","Finalizing offsite activity schedule"
1177,233,15,"2024-03-28T11:30:00Z","2024-03-28T12:30:00Z",60,Manual,"2024-03-28","Drafting v1.0 release notes"
1178,219,4,"2024-03-28T10:00:00Z","2024-03-28T12:00:00Z",120,Manual,"2024-03-28","Writing performance review summaries"
1179,247,13,"2024-03-29T14:00:00Z","2024-03-29T16:00:00Z",120,Manual,"2024-03-29","Final review of Q1 report data"
1180,229,50,"2024-03-29T10:00:00Z","2024-03-29T11:30:00Z",90,Manual,"2024-03-29","Testing UI on Safari and Edge"
1181,234,50,"2024-04-01T09:30:00Z","2024-04-01T12:30:00Z",180,Timer,"2024-04-01","Executing test plan on staging - Core features"
1182,234,55,"2024-04-01T10:00:00Z","2024-04-01T13:00:00Z",180,Timer,"2024-04-01","Executing test plan on staging - API tests"
1183,248,20,"2024-04-02T10:00:00Z","2024-04-02T11:00:00Z",60,Manual,"2024-04-02","Final updates to board presentation"
1184,234,45,"2024-04-02T14:00:00Z","2024-04-02T17:00:00Z",180,Timer,"2024-04-02","Executing test plan on staging - Edge cases"
1185,233,15,"2024-04-03T10:00:00Z","2024-04-03T11:00:00Z",60,Manual,"204-04-03","Finalizing v1.0 release notes"
1186,231,10,"2024-04-03T14:00:00Z","2024-04-03T16:00:00Z",120,Manual,"2024-04-03","Publishing v1.0 API documentation"
1187,234,50,"2024-04-04T09:00:00Z","2024-04-04T11:00:00Z",120,Timer,"2024-04-04","Final staging test run and sign-off"
1188,232,4,"2024-04-04T14:00:00Z","2024-04-04T15:00:00Z",60,Manual,"2024-04-04","Final deployment plan review"
1189,235,91,"2024-04-05T08:30:00Z","2024-04-05T09:30:00Z",60,Manual,"2024-04-05","Executing pre-deployment backup"
1190,236,86,"2024-04-05T11:15:00Z","2024-04-05T13:15:00Z",120,Timer,"2024-04-05","Deploying application code to production"
1191,236,86,"2024-04-05T14:00:00Z","2024-04-05T15:00:00Z",60,Timer,"2024-04-05","Running post-deployment smoke tests"
1192,237,96,"2024-04-05T17:00:00Z","2024-04-05T19:00:00Z",120,Manual,"2024-04-05","Monitoring production logs and metrics"
1193,250,4,"2024-04-08T17:00:00Z","2024-04-08T18:00:00Z",60,Manual,"2024-04-08","Team celebration event"
1194,239,13,"2024-04-08T10:30:00Z","2024-04-08T11:00:00Z",30,Manual,"2024-04-08","Sending launch communication email"
1195,237,96,"2024-04-08T09:00:00Z","2024-04-08T17:00:00Z",480,Manual,"2024-04-08","Continued post-launch monitoring"
1196,238,22,"2024-04-09T09:30:00Z","2024-04-09T12:00:00Z",150,Timer,"2024-04-09","Investigating urgent bug report #1028"
1197,240,27,"2024-04-09T10:00:00Z","2024-04-09T11:30:00Z",90,Manual,"2024-04-09","Collecting initial user feedback via chat"
1198,241,4,"2024-04-10T11:30:00Z","2024-04-10T12:30:00Z",60,Manual,"2024-04-10","Planning tasks for patch release 1.0.1"
1199,219,4,"2024-04-10T14:00:00Z","2024-04-10T16:00:00Z",120,Manual,"2024-04-10","Conducting performance review meeting"
1200,242,65,"2024-04-11T10:30:00Z","2024-04-11T12:30:00Z",120,Timer,"2024-04-11","Analyzing auto-scheduling logs from production"
1201,243,75,"2024-04-12T10:30:00Z","2024-04-12T12:30:00Z",120,Timer,"2024-04-12","Comparing production prediction accuracy"
1202,238,22,"2024-04-10T09:00:00Z","2024-04-10T11:00:00Z",120,Timer,"2024-04-10","Developing fix for bug #1028"
1203,240,27,"2024-04-11T14:00:00Z","2024-04-11T15:30:00Z",90,Manual,"2024-04-11","Synthesizing user feedback themes"
1204,244,85,"2024-04-15T14:30:00Z","2024-04-15T16:00:00Z",90,Manual,"2024-04-15","Implementing minor Pomodoro timer adjustment"
1205,249,4,"2024-04-15T10:00:00Z","2024-04-15T11:00:00Z",60,Manual,"2024-04-15","Confirming final offsite logistics"
1206,245,90,"2024-04-16T11:30:00Z","2024-04-16T12:30:00Z",60,Manual,"2024-04-16","Adjusting workload heatmap thresholds"
1207,246,105,"2024-04-17T10:30:00Z","2024-04-17T13:00:00Z",150,Timer,"2024-04-17","Testing auto-reprioritization with complex task chains"
1208,104,16,"2024-01-22T14:00:00Z","2024-01-22T15:00:00Z",60,Manual,"2024-01-22","Finalizing Task API implementation"
1209,132,46,"2024-01-22T09:00:00Z","2024-01-22T10:00:00Z",60,Manual,"2024-01-22","Finalizing task list user story"
1210,172,12,"2024-01-19T10:00:00Z","2024-01-19T12:00:00Z",120,Timer,"2024-01-19","Adding project_id field and logic"
1211,173,55,"2024-01-23T10:00:00Z","2024-01-23T11:00:00Z",60,Timer,"2024-01-23","Testing task assignment to projects"
1212,188,70,"2024-01-24T14:00:00Z","2024-01-24T15:00:00Z",60,Manual,"2024-01-24","Refining sample data generation script"
1213,151,4,"2024-01-18T16:00:00Z","2024-01-18T17:00:00Z",60,Manual,"2024-01-18","Final review of Q1 project goals alignment"
1214,154,4,"2024-01-22T10:30:00Z","2024-01-22T12:30:00Z",120,Manual,"2024-01-22","Onboarding Rohan - Project Setup"
1215,154,4,"2024-01-22T14:00:00Z","2024-01-22T16:00:00Z",120,Manual,"2024-01-22","Onboarding Rohan - Codebase Overview"
1390,246,105,"2024-04-18T10:00:00Z","2024-04-18T12:30:00Z",150,Timer,"2024-04-18","Testing more reprioritization scenarios"
1391,242,65,"2024-04-18T14:00:00Z","2024-04-18T15:30:00Z",90,Manual,"2024-04-18","Documenting auto-scheduling performance findings"
1392,243,75,"2024-04-19T10:00:00Z","2024-04-19T11:30:00Z",90,Manual,"2024-04-19","Documenting AI prediction accuracy findings"
1393,241,22,"2024-04-11T09:00:00Z","2024-04-11T11:00:00Z",120,Timer,"2024-04-11","Testing fix for bug #1028 in patch branch"
1394,241,4,"2024-04-11T14:00:00Z","2024-04-11T15:00:00Z",60,Manual,"2024-04-11","Preparing release notes for 1.0.1"
1395,240,27,"2024-04-12T14:00:00Z","2024-04-12T15:00:00Z",60,Manual,"2024-04-12","Categorizing user feedback for 1.0.1 planning"
1396,219,4,"2024-04-12T15:00:00Z","2024-04-12T17:00:00Z",120,Manual,"2024-04-12","Conducting performance review meeting"
1397,244,85,"2024-04-16T14:00:00Z","2024-04-16T15:00:00Z",60,Manual,"2024-04-16","Testing Pomodoro timer adjustment"
1398,241,86,"2024-04-15T10:00:00Z","2024-04-15T12:00:00Z",120,Timer,"2024-04-15","Deploying patch 1.0.1 to staging"
1399,241,50,"2024-04-16T10:00:00Z","2024-04-16T11:00:00Z",60,Manual,"2024-04-16","Testing patch 1.0.1 on staging"
1400,241,86,"2024-04-17T14:00:00Z","2024-04-17T15:00:00Z",60,Timer,"2024-04-17","Deploying patch 1.0.1 to production"